20230908101943, 14,  "Stanley #2 Philips Screwdriver", 5, Friday, September 08, 2023, 10:19:43
20230908101943, 3451,  "Oakley Jawbreaker sunglasses", 1, Friday, September 08, 2023, 10:19:43
20230908103347, 3451,  "Oakley Jawbreaker sunglasses", 2, Friday, September 08, 2023, 10:33:47
20230908103347, 67913,  "Gios Torino t-shirt size XXL", 1, Friday, September 08, 2023, 10:33:47
20230908103347, 1111,  "Top Secret Twenty One - Janet Evanovich", 5, Friday, September 08, 2023, 10:33:47
20230908103347, 4762,  "HP copy paper ultra white - ream", 2, Friday, September 08, 2023, 10:33:47
20230908103347, 268,  "Sidi Wire 2 carbon shoes - size 48", 2, Friday, September 08, 2023, 10:33:47
20230908103614, 1111,  "Top Secret Twenty One - Janet Evanovich", 20, Friday, September 08, 2023, 10:36:14
20230908123755, 2190,  "Hefty 30 gal with handles - box 40", 20, Friday, September 08, 2023, 12:37:55
20230908123755, 47831,  "8x10 picture frame", 2, Friday, September 08, 2023, 12:37:55
20230908123755, RTX3452,  "Laser Pointer", 2, Friday, September 08, 2023, 12:37:55
20230908123755, 1111,  "Top Secret Twenty One - Janet Evanovich", 5, Friday, September 08, 2023, 12:37:55
20230908123755, 8543,  "Ritchey 1 inch threaded headset - silver", 1, Friday, September 08, 2023, 12:37:55
20230908123755, 115693,  "Colnago C64 - Mapei frame", 1, Friday, September 08, 2023, 12:37:55
20230908124419, 14,  "Stanley #2 Philips Screwdriver", 5, Friday, September 08, 2023, 12:44:19
20230908124419, 115693,  "Colnago C64 - Mapei frame", 1, Friday, September 08, 2023, 12:44:19
20230912120200, 14,  "Stanley #2 Philips Screwdriver", 5, Tuesday, September 12, 2023, 12:02:00
20230912120200, 3451,  "Oakley Jawbreaker sunglasses", 2, Tuesday, September 12, 2023, 12:02:00
20230912120200, 1111,  "Top Secret Twenty One - Janet Evanovich", 7, Tuesday, September 12, 2023, 12:02:00
20230912121854, 14,  "Stanley #2 Philips Screwdriver", 5, Tuesday, September 12, 2023, 12:18:54
20230912121854, 1111,  "Top Secret Twenty One - Janet Evanovich", 50, Tuesday, September 12, 2023, 12:18:54
20230912121854, 3451,  "Oakley Jawbreaker sunglasses", 4, Tuesday, September 12, 2023, 12:18:54
20230912121854, 4762,  "HP copy paper ultra white - ream", 5, Tuesday, September 12, 2023, 12:18:54
20230912121854, 268,  "Sidi Wire 2 carbon shoes - size 48", 1, Tuesday, September 12, 2023, 12:18:54
